epoch_number,mini_batch_number,score_loss,geometry_loss,loss
1,1,0.7749836030252586,0.29286810639492084,1.0678517094201794
1,2,0.7755113504671496,0.295870983112856,1.0713823335800057
1,3,0.7361218445262303,0.2927294019377646,1.028851246463995
1,4,0.7665114304130949,0.28936263515817506,1.05587406557127
1,5,0.7531522823251611,0.2668893753775511,1.0200416577027123
1,6,0.7724018149125865,0.287055136795724,1.0594569517083106
1,7,0.7302237167666028,0.27181661420801995,1.0020403309746229
1,8,0.7363915296606682,0.28156274055703157,1.0179542702176998
1,9,0.7473860925054551,0.26240596827825136,1.0097920607837065
1,10,0.7122076690526622,0.2746644562436138,0.986872125296276
1,11,0.7173644457320033,0.2885595078656628,1.005923953597666
1,12,0.7046765986841477,0.27936029359840375,0.9840368922825514
1,13,0.7159960997243429,0.2579004209508033,0.9738965206751462
1,14,0.7210151208507213,0.2807349041790174,1.0017500250297386
1,15,0.7324199379081384,0.2727507739109081,1.0051707118190465
1,16,0.7152701813691948,0.2737350290760667,0.9890052104452616
1,17,0.713473256238593,0.2866806196314405,1.0001538758700335
1,18,0.6990816767998675,0.27547697587193465,0.9745586526718022
1,19,0.7078928899940085,0.2643895252513584,0.9722824152453668
1,20,0.7149569183298725,0.2619215191263319,0.9768784374562044
1,21,0.7118776312978259,0.24394202683000796,0.9558196581278339
1,22,0.7083787744776353,0.2630559797666753,0.9714347542443106
1,23,0.7046535953443727,0.27877654291531895,0.9834301382596916
1,24,0.7200350286647058,0.265887568958403,0.9859225976231087
1,25,0.6948442781662458,0.261360336707498,0.9562046148737438
1,26,0.6975437382513635,0.27634359041617795,0.9738873286675415
1,27,0.684913105854968,0.2540947839356959,0.939007889790664
1,28,0.7046419925305277,0.24975057649124657,0.9543925690217743
1,29,0.6943135472179793,0.2620751112492548,0.9563886584672341
1,30,0.6963310457403232,0.2617632120544481,0.9580942577947713
1,31,0.6995598001699598,0.24772872193716466,0.9472885221071244
1,32,0.6969685590765664,0.25556180577136967,0.9525303648479361
1,33,0.6978876986008188,0.25324267705451253,0.9511303756553313
1,34,0.6968125699472789,0.2585427170523848,0.9553552869996638
1,35,0.6893657132120471,0.2626300596345503,0.9519957728465973
1,36,0.6980175879961337,0.2813450561590352,0.9793626441551688
1,37,0.6993104547993312,0.2565898103173822,0.9559002651167134
1,38,0.6890484529394884,0.25377660462468427,0.9428250575641726
1,39,0.6769451448082273,0.2541465303938215,0.9310916752020488
1,40,0.69312412903254,0.2580750004986559,0.9511991295311959
1,41,0.688558297339899,0.26335279850496185,0.9519110958448609
1,42,0.6819996577562192,0.24879682350328705,0.9307964812595062
1,43,0.6925684577501345,0.26414611885016126,0.9567145766002958
1,44,0.688492850801958,0.263501963384139,0.951994814186097
1,45,0.6800272775574152,0.24531803411880027,0.9253453116762155
1,46,0.695653848812058,0.25709119705882455,0.9527450458708826
1,47,0.683994399366255,0.25315487885234667,0.9371492782186016
1,48,0.6947693636000093,0.26148083818455536,0.9562502017845647
1,49,0.6872050279404119,0.2544473179499619,0.9416523458903738
1,50,0.6885305585541807,0.24295252403115025,0.9314830825853309
1,51,0.6865378089169845,0.22275975740539203,0.9092975663223765
1,52,0.695089325737556,0.249639987450588,0.944729313188144
1,53,0.6842085376158378,0.24736071928319606,0.9315692568990338
1,54,0.689074559256604,0.25746485228474075,0.9465394115413448
1,55,0.689940238402865,0.26075075705766787,0.9506909954605329
1,56,0.6926341954952876,0.27825112610706965,0.9708853216023572
1,57,0.6830605964609019,0.27945912079643703,0.962519717257339
1,58,0.6922911950898505,0.27604081504175376,0.9683320101316042
1,59,0.6847898368900225,0.24974519798789568,0.9345350348779182
1,60,0.6819475014747096,0.26512609950219423,0.9470736009769039
1,61,0.6815437560951949,0.2586639064810231,0.940207662576218
1,62,0.6765253125889853,0.26144915359078824,0.9379744661797735
1,63,0.6804892620188109,0.2510494755558847,0.9315387375746955
1,64,0.6912450031755074,0.26187708604997595,0.9531220892254834
1,65,0.6849256636834123,0.24379531527633097,0.9287209789597433
1,66,0.6947292375604563,0.2482570882566506,0.942986325817107
1,67,0.665799771903003,0.2552337313245516,0.9210335032275546
1,68,0.6864738412588868,0.24981973958327564,0.9362935808421624
1,69,0.6823853353473108,0.2470628067574187,0.9294481421047296
1,70,0.6751002841903851,0.24890575958048236,0.9240060437708675
1,71,0.6878612019612949,0.24691526416856316,0.934776466129858
1,72,0.6901163899851281,0.25132234659619057,0.9414387365813187
1,73,0.694515166849458,0.23935699350182799,0.9338721603512861
1,74,0.6912576064136515,0.25037619924155347,0.9416338056552049
1,75,0.6771789236315944,0.2298847218742594,0.9070636455058538
1,76,0.6832959452494378,0.2616474435515242,0.944943388800962
1,77,0.6775262625091902,0.2633083019983259,0.9408345645075161
1,78,0.6874217890716037,0.25315141809737157,0.9405732071689752
1,79,0.6854410745963591,0.23248992200898028,0.9179309966053393
1,80,0.681390791579387,0.23883123857819513,0.9202220301575821
1,81,0.6744883595510748,0.24765197407278058,0.9221403336238554
1,82,0.68873728112688,0.2574357694148823,0.9461730505417623
1,83,0.6828221906044637,0.2433112066321294,0.926133397236593
1,84,0.666742561442891,0.26298710007353554,0.9297296615164266
1,85,0.6875020399469165,0.25618812409088465,0.9436901640378011
1,86,0.6800052018322885,0.23509247484449433,0.9150976766767829
1,87,0.6845066326291231,0.2521419558244256,0.9366485884535487
1,88,0.6935094807331352,0.24550508145440483,0.9390145621875401
1,89,0.6990224381473041,0.24436192346911412,0.9433843616164183
1,90,0.6868179359487278,0.24510425947747141,0.9319221954261991
1,91,0.6722566535257426,0.26172759575614085,0.9339842492818835
1,92,0.6691122488380228,0.24121288454046894,0.9103251333784917
1,93,0.674728487349053,0.26373574449877507,0.938464231847828
1,94,0.6807186964180196,0.2534763145968955,0.9341950110149151
1,95,0.6779697528091716,0.2512917336009975,0.9292614864101691
1,96,0.6862968583697231,0.25852509986332345,0.9448219582330466
1,97,0.680442946844132,0.258118531640826,0.938561478484958
1,98,0.6744432205898143,0.25372029524729695,0.9281635158371113
1,99,0.6617474567932251,0.2802512749917055,0.9419987317849305
1,100,0.6775036563713268,0.26849992441323894,0.9460035807845657
1,101,0.6685005484888522,0.24175474502844738,0.9102552935172996
1,102,0.6683622853496576,0.24867493673055258,0.9170372220802101
1,103,0.678838239342143,0.24263543467849302,0.9214736740206361
1,104,0.677132880874161,0.2537821264633415,0.9309150073375025
1,105,0.6787014755747075,0.2635984949994128,0.9422999705741203
1,106,0.6623151236224472,0.26535056356539705,0.9276656871878441
1,107,0.6647257510899094,0.24188631535149538,0.9066120664414048
1,108,0.6652548474570371,0.2536115420705362,0.9188663895275733
1,109,0.6723192976386168,0.24246069459387892,0.9147799922324957
1,110,0.6528563671704749,0.2519579883043965,0.9048143554748713
1,111,0.6720748425531843,0.26902535183678483,0.9411001943899691
1,112,0.6696948227441601,0.23848134274284047,0.9081761654870006
1,113,0.6859437004536622,0.2558492271798766,0.9417929276335388
1,114,0.6805621812885115,0.24292462896734765,0.9234868102558592
1,115,0.6775257421745554,0.24270748912005236,0.9202332312946078
1,116,0.6749704048902478,0.22941274181169144,0.9043831467019393
1,117,0.673560424896471,0.25833800991217715,0.9318984348086482
1,118,0.6627072801234497,0.24984281337050002,0.9125500934939497
1,119,0.6703839887820049,0.25222483992968736,0.9226088287116923
1,120,0.6599157137752646,0.25130695835813077,0.9112226721333954
1,121,0.6823164935297398,0.26065546417257923,0.942971957702319
1,122,0.6792509282683424,0.26384088114700605,0.9430918094153484
1,123,0.6777619628963863,0.2664944228970192,0.9442563857934055
1,124,0.6655057705337142,0.249541428901988,0.9150471994357021
1,125,0.6703015408698313,0.24377036866534388,0.9140719095351751
1,126,0.6644470081330457,0.2583690382047626,0.9228160463378083
1,127,0.6749855394966476,0.2367106637356698,0.9116962032323175
1,128,0.6637530504694048,0.26419934735082795,0.9279523978202328
1,129,0.6598835072208489,0.2685658476000886,0.9284493548209375
1,130,0.661067288287031,0.2465337038040161,0.907600992091047
1,131,0.6639571801838108,0.2506828136565919,0.9146399938404026
1,132,0.6581279960662106,0.2645409317766569,0.9226689278428675
1,133,0.677326348261979,0.2653206307736654,0.9426469790356444
1,134,0.6673193462132608,0.23170466024668948,0.8990240064599503
1,135,0.6739528593294017,0.26706323182170694,0.9410160911511087
1,136,0.6574998700835654,0.2439324469542352,0.9014323170378006
1,137,0.6640052626728458,0.24438127524227696,0.9083865379151227
1,138,0.674626936860144,0.26973075568675997,0.9443576925469039
1,139,0.66278396000303,0.24448055427420098,0.907264514277231
1,140,0.6556038963666101,0.2268748083067211,0.8824787046733312
1,141,0.6671098653473867,0.26206122226120826,0.929171087608595
1,142,0.6621421067499191,0.239118836143808,0.9012609428937272
1,143,0.6592449171609186,0.21475159246825945,0.8739965096291781
1,144,0.6719972056657486,0.2344468063074014,0.90644401197315
1,145,0.6736072134256513,0.2466038685730275,0.9202110819986788
1,146,0.68379926534574,0.22653532306799015,0.9103345884137302
1,147,0.6675422263679993,0.24983332384506177,0.917375550213061
1,148,0.6586088386831985,0.23450041463241933,0.8931092533156179
1,149,0.6589112425293007,0.2514736708013281,0.9103849133306288
1,150,0.6643084035715071,0.2288651996197463,0.8931736031912534
1,151,0.6762435927295721,0.26072163945131926,0.9369652321808914
1,152,0.6697774980478305,0.24819718214291098,0.9179746801907415
1,153,0.669034995021802,0.23699045703739774,0.9060254520591997
1,154,0.6651948462345657,0.24609376724671436,0.9112886134812801
1,155,0.6659971172653538,0.2431023721785649,0.9090994894439187
1,156,0.6539020077258767,0.2508252316620201,0.9047272393878968
1,157,0.6631108489545958,0.24402278651447074,0.9071336354690666
1,158,0.6559894928702736,0.24113265800500108,0.8971221508752747
1,159,0.6731985380854234,0.2463523823126043,0.9195509203980277
1,160,0.675496932508579,0.24362835986539721,0.9191252923739762
1,161,0.6646820943724848,0.2441545886573968,0.9088366830298816
1,162,0.6785111790067494,0.2409433295894692,0.9194545085962186
1,163,0.6567846226490168,0.23561515989290044,0.8923997825419172
1,164,0.665923630822673,0.2303240076103743,0.8962476384330473
1,165,0.6698391012928575,0.2510577090652593,0.9208968103581168
1,166,0.6576288490450272,0.23005157353398495,0.8876804225790121
1,167,0.671608360515992,0.2443480232420067,0.9159563837579987
1,168,0.6507887048297217,0.25229265740446266,0.9030813622341844
1,169,0.6727864409596127,0.25877439680556624,0.931560837765179
1,170,0.6690764531618126,0.24569472017419805,0.9147711733360107
1,171,0.6569983668948832,0.24096581735648215,0.8979641842513654
1,172,0.6648120703723902,0.2442807304314696,0.9090928008038598
1,173,0.6708080271637366,0.2621089512362115,0.932916978399948
1,174,0.6587354275812036,0.23339183358280183,0.8921272611640054
1,175,0.6623856584870447,0.24113425675394207,0.9035199152409867
1,176,0.6512592751365894,0.2410934790892557,0.8923527542258451
1,177,0.6466424130677269,0.23814411591738463,0.8847865289851115
1,178,0.6955817154154,0.23135033443417233,0.9269320498495723
1,179,0.6606099067742804,0.2357263361155894,0.8963362428898698
1,180,0.6518072520217547,0.2351930647060789,0.8870003167278336
1,181,0.6527679987820004,0.2548826707553276,0.9076506695373281
1,182,0.6636273436868867,0.24519227706316044,0.9088196207500472
1,183,0.6500782214903912,0.2324895318664078,0.882567753356799
1,184,0.6625686183973634,0.26202536207437516,0.9245939804717385
1,185,0.6576989329656567,0.2552915868685156,0.9129905198341723
1,186,0.6355775400846319,0.2318311282735077,0.8674086683581396
1,187,0.6808584961534928,0.2564110138437486,0.9372695099972415
1,188,0.659646295433124,0.2178848073009617,0.8775311027340857
1,189,0.6631452250648572,0.269836709677399,0.9329819347422561
1,190,0.6560167888940824,0.24984246353004252,0.9058592524241249
1,191,0.6561544401135684,0.25893589983015886,0.9150903399437272
1,192,0.655561619056324,0.2474889231063205,0.9030505421626446
1,193,0.6507814169773453,0.24034596068492856,0.8911273776622738
1,194,0.6625279577724104,0.23518702758530388,0.8977149853577142
1,195,0.6701158667777052,0.245882579739447,0.9159984465171522
1,196,0.643260277436225,0.2392350066573389,0.8824952840935639
2,1,0.6612121310379709,0.24518720433781188,0.9063993353757829
2,2,0.6487101110819617,0.23392099509429598,0.8826311061762577
2,3,0.648033780378538,0.24208777246375882,0.8901215528422968
2,4,0.658632506775565,0.2547663444431003,0.9133988512186653
2,5,0.6688641753910578,0.23243315098807216,0.90129732637913
2,6,0.6672842464231649,0.23995278591979038,0.9072370323429553
2,7,0.6438176024842988,0.2631185725400808,0.9069361750243796
2,8,0.6737462543611656,0.2374430485714063,0.9111893029325719
2,9,0.6476270158338072,0.22506148552056401,0.8726885013543713
2,10,0.6700406174036369,0.24394129389614153,0.9139819112997783
2,11,0.6650282561663275,0.2481812604374307,0.9132095166037583
2,12,0.6497297897135615,0.21850535449118832,0.8682351442047499
2,13,0.6413920696042112,0.23560846127992402,0.8770005308841353
2,14,0.6663405207676422,0.24351654352693494,0.9098570642945771
2,15,0.6372886996365621,0.25365153969350185,0.8909402393300639
2,16,0.6654486397394896,0.23577491976570764,0.9012235595051973
2,17,0.6608941753286851,0.22475813286942672,0.8856523081981118
2,18,0.6596906234956588,0.2571844001785813,0.91687502367424
2,19,0.6419542904537736,0.26429545039347574,0.9062497408472494
2,20,0.6578179865387245,0.2430916467308998,0.9009096332696243
2,21,0.6343982170013419,0.24450751023912995,0.8789057272404719
2,22,0.6503023338675908,0.23451007616846528,0.8848124100360562
2,23,0.6364282969929073,0.24519355663063902,0.8816218536235463
2,24,0.6412351365378073,0.2510755128191354,0.8923106493569427
2,25,0.6496420457533579,0.23350562284942028,0.8831476686027782
2,26,0.64602373234008,0.25880474068649245,0.9048284730265725
2,27,0.656749030998658,0.2619020010211638,0.9186510320198218
2,28,0.6501173503931338,0.23028155486562,0.8803989052587538
2,29,0.657352763673,0.24727615097697866,0.9046289146499786
2,30,0.6638684081606636,0.24248752029154313,0.9063559284522067
2,31,0.653239880658992,0.26053064261727477,0.9137705232762667
2,32,0.6291581824606213,0.22338241480922857,0.8525405972698499
2,33,0.6620874524952989,0.2399251222106299,0.9020125747059288
2,34,0.642163417160276,0.2495065437008937,0.8916699608611698
2,35,0.6460822200186562,0.2506995932975163,0.8967818133161725
2,36,0.6692999925444961,0.22774641064108547,0.8970464031855816
2,37,0.6597832494553441,0.23965670257604807,0.8994399520313922
2,38,0.6308081008975411,0.23455652553820983,0.865364626435751
2,39,0.6401304818970492,0.24407191194084468,0.8842023938378939
2,40,0.6572566659224035,0.25963903515151254,0.916895701073916
2,41,0.651473420591788,0.22424973423526748,0.8757231548270555
2,42,0.6565689844339628,0.2813484286189191,0.937917413052882
2,43,0.6577562878148205,0.256488988226091,0.9142452760409115
2,44,0.6461006242797162,0.23650828746354413,0.8826089117432603
2,45,0.648642561424136,0.2139418255815755,0.8625843870057115
2,46,0.6461379889731393,0.23683998738618,0.8829779763593193
2,47,0.6540652919977676,0.2435978475136694,0.8976631395114371
2,48,0.6538728032971997,0.2672323466784607,0.9211051499756604
2,49,0.6372340165432804,0.23466900541800362,0.871903021961284
2,50,0.655242911201653,0.2358590784615704,0.8911019896632234
2,51,0.6407397302274171,0.22262587129053743,0.8633656015179546
2,52,0.6623026288129813,0.23183353489249453,0.8941361637054759
2,53,0.6354463551985268,0.24047217345796526,0.875918528656492
2,54,0.6382579420960102,0.2617968978858956,0.9000548399819057
2,55,0.653578832504027,0.23843621264378992,0.8920150451478169
2,56,0.653388246034179,0.22964521534806975,0.8830334613822488
2,57,0.6401225077732386,0.23987419368249588,0.8799967014557345
2,58,0.6550226316044859,0.24258308227878908,0.897605713883275
2,59,0.661270185724521,0.23039297049627733,0.8916631562207984
2,60,0.6676918710245398,0.2332035015861038,0.9008953726106436
2,61,0.6458034134132942,0.23954261320149414,0.8853460266147883
2,62,0.634157570903833,0.2272207801978962,0.8613783511017292
2,63,0.6583384425718752,0.2446485254534542,0.9029869680253294
2,64,0.6347152799887074,0.22707853966427072,0.8617938196529781
2,65,0.6534190445170268,0.2322545593145163,0.8856736038315431
2,66,0.6457808761529705,0.23814484699209795,0.8839257231450685
2,67,0.6425243639361822,0.22134699743266587,0.863871361368848
2,68,0.6354746825880637,0.2219767273581099,0.8574514099461736
2,69,0.6509963651777962,0.24505106373508767,0.8960474289128839
2,70,0.6635704133032362,0.23395830221996186,0.897528715523198
2,71,0.6451294069467192,0.22597899511734496,0.8711084020640641
2,72,0.6720820597469523,0.24828376559486245,0.9203658253418148
2,73,0.6452804033133008,0.24172716561911836,0.8870075689324192
2,74,0.6264773594786454,0.2513554232826319,0.8778327827612773
2,75,0.6526627530440483,0.2659500155084092,0.9186127685524574
2,76,0.6408487165935001,0.24686877287599263,0.8877174894694927
2,77,0.6720847294410414,0.20967670132406058,0.8817614307651019
2,78,0.6478631251342905,0.269747853782028,0.9176109789163185
2,79,0.6521170860122779,0.24390267570525773,0.8960197617175356
2,80,0.6511467553668473,0.25282219388590965,0.903968949252757
2,81,0.6566539584237783,0.22701262113286885,0.8836665795566472
2,82,0.6498604733469692,0.2533824111374056,0.9032428844843747
2,83,0.6551700775504827,0.24089766798530657,0.8960677455357893
2,84,0.6465344154720797,0.23460110701131123,0.8811355224833909
2,85,0.6670970146624264,0.23836517774245958,0.905462192404886
2,86,0.6434182595232296,0.2525973678957529,0.8960156274189826
2,87,0.6442876306416067,0.2480533795673655,0.8923410102089722
2,88,0.6353041834197788,0.2524264040137818,0.8877305874335606
2,89,0.6374215755416337,0.22728670116013555,0.8647082767017693
2,90,0.6265370190420317,0.2383670258353016,0.8649040448773333
2,91,0.6600822964877632,0.2499279595157575,0.9100102560035207
2,92,0.6467226671160856,0.2509445230086856,0.8976671901247713
2,93,0.6208809861127139,0.25474566109175606,0.87562664720447
2,94,0.6226863330206954,0.2356197542129931,0.8583060872336885
2,95,0.6404867047959114,0.24856522790018898,0.8890519326961004
2,96,0.65326203175417,0.2536955696002693,0.9069576013544393
2,97,0.6560973091044413,0.24066685078044733,0.8967641598848887
2,98,0.6513967507673809,0.19131349349720742,0.8427102442645883
2,99,0.6601767799527802,0.2547462034020938,0.914922983354874
2,100,0.6431175470895041,0.24324894940671254,0.8863664964962166
2,101,0.6380560010103923,0.21890192184337348,0.8569579228537658
2,102,0.6360530118736337,0.24829781939551024,0.8843508312691439
2,103,0.6478980913802409,0.2188275478032677,0.8667256391835086
2,104,0.651503468528119,0.2417747369179359,0.893278205446055
2,105,0.6379784108020901,0.19967152031485813,0.8376499311169482
2,106,0.6240586577511389,0.22936698921792512,0.853425646969064
2,107,0.6416338805481095,0.24331542226093367,0.8849493028090432
2,108,0.633118878460173,0.2371119307603554,0.8702308092205284
2,109,0.6294383705739767,0.22935299061668607,0.8587913611906628
2,110,0.6313800460180916,0.22964235198063154,0.8610223979987232
2,111,0.6411949046216544,0.23772994943288148,0.8789248540545359
2,112,0.6199289105893078,0.2385817799344659,0.8585106905237736
2,113,0.6613375142063197,0.24267846357813755,0.9040159777844572
2,114,0.623008741192273,0.23613737804866203,0.8591461192409351
2,115,0.6620449011375531,0.25148752651044304,0.9135324276479961
2,116,0.6360841579696416,0.2220866796684762,0.8581708376381177
2,117,0.6368514163208062,0.25308619864156534,0.8899376149623716
2,118,0.6399057175781334,0.2453155026688202,0.8852212202469536
2,119,0.6416067656415473,0.2605474954299793,0.9021542610715265
2,120,0.6542859023031994,0.2360017125240781,0.8902876148272775
2,121,0.6381822720706399,0.2523740268787825,0.8905562989494225
2,122,0.6327848273272412,0.23531712874786795,0.8681019560751091
2,123,0.6406065544795709,0.23795861869252152,0.8785651731720925
2,124,0.6309345264625909,0.2376171957414884,0.8685517222040793
2,125,0.6516736263430857,0.23238574350116786,0.8840593698442536
2,126,0.6282480277367675,0.240787674996355,0.8690357027331225
2,127,0.6484920770794187,0.23540545776486396,0.8838975348442827
2,128,0.6597901132888492,0.22470982843743903,0.8844999417262882
2,129,0.6540875615003944,0.2408506452497205,0.8949382067501148
2,130,0.6529013619700972,0.24406640285110853,0.8969677648212058
2,131,0.6312081259822427,0.235676494206636,0.8668846201888787
2,132,0.6476934638846604,0.2283544877593387,0.8760479516439992
2,133,0.640809197484543,0.24753411343321205,0.8883433109177551
2,134,0.6298261743690857,0.22481550995121144,0.8546416843202972
2,135,0.6349706798068585,0.25082336962405666,0.8857940494309151
2,136,0.642075839204702,0.2418793815225363,0.8839552207272383
2,137,0.637611973487012,0.24132388914075062,0.8789358626277627
2,138,0.6480206207663466,0.2315466608640484,0.879567281630395
2,139,0.632910966062823,0.22882976965529137,0.8617407357181144
2,140,0.65669949366311,0.23864362979990267,0.8953431234630127
2,141,0.6419197141763656,0.2254590025176438,0.8673787166940095
2,142,0.6547317681388689,0.24561731629394765,0.9003490844328166
2,143,0.6312341077517357,0.22965108431757442,0.8608851920693101
2,144,0.6311398248504149,0.21916596847390676,0.8503057933243217
2,145,0.6438151806855795,0.22522997674611162,0.8690451574316911
2,146,0.6512407704799896,0.22494701323905747,0.876187783719047
2,147,0.6467829681852497,0.24478132796166763,0.8915642961469173
2,148,0.6575566291048319,0.22065090706203577,0.8782075361668678
2,149,0.6456869254692597,0.25013963989248233,0.895826565361742
2,150,0.6362255964645427,0.22368904803848305,0.8599146445030257
2,151,0.6494051787733024,0.23822045725176644,0.8876256360250688
2,152,0.6389713070063155,0.24397554280321027,0.8829468498095259
2,153,0.6374263048352986,0.227112529325984,0.8645388341612826
2,154,0.6413328921708709,0.21482966535875353,0.8561625575296243
2,155,0.6437587846118213,0.23362875265801059,0.8773875372698319
2,156,0.6389349507645695,0.25218981465856943,0.8911247654231389
2,157,0.601744401704914,0.26437122516379863,0.8661156268687126
2,158,0.6403306838262177,0.23228630944160938,0.8726169932678272
2,159,0.652745016559983,0.20984281296316618,0.8625878295231492
2,160,0.6342190001988014,0.23078497408578794,0.8650039742845893
2,161,0.641845448650536,0.22297941821549708,0.8648248668660331
2,162,0.6324163800126616,0.2302571610978119,0.8626735411104736
2,163,0.6524818938706825,0.215873156843163,0.8683550507138454
2,164,0.6404704540375672,0.23018556653817254,0.8706560205757398
2,165,0.6190655533065482,0.22968862352926017,0.8487541768358084
2,166,0.647247029263812,0.21596130029727176,0.8632083295610837
2,167,0.642727393298639,0.22075856273024624,0.8634859560288852
2,168,0.6222382250592678,0.23865886116796667,0.8608970862272345
2,169,0.6295917701565366,0.23473726371303202,0.8643290338695686
2,170,0.6375540904241191,0.24206644515461712,0.8796205355787363
2,171,0.6516628837630491,0.23453637620744608,0.8861992599704952
2,172,0.6342342419000314,0.23396988290293916,0.8682041248029706
2,173,0.6104185650805316,0.22548846818337384,0.8359070332639055
2,174,0.6084163388020424,0.23915386939751765,0.84757020819956
2,175,0.6536454547939392,0.22364590414481594,0.8772913589387552
2,176,0.6158026062961908,0.24796253272977015,0.8637651390259609
2,177,0.6490876793123039,0.23814404329490177,0.8872317226072057
2,178,0.6362684368355274,0.2556604324507394,0.8919288692862668
2,179,0.6382413239981066,0.23338201247751103,0.8716233364756176
2,180,0.6147729305764394,0.2551107302107319,0.8698836607871714
2,181,0.6473320982108559,0.20949390232501747,0.8568260005358734
2,182,0.6591931756141627,0.2369056592248632,0.8960988348390259
2,183,0.6366194669914624,0.239630626026893,0.8762500930183554
2,184,0.6043977793356894,0.24285435290304855,0.847252132238738
2,185,0.6297504265760661,0.2588630539788053,0.8886134805548713
2,186,0.635530487476373,0.24427686473432308,0.8798073522106961
2,187,0.6206870188666654,0.22723156321291368,0.8479185820795792
2,188,0.6237851209028804,0.24441817399489582,0.8682032948977763
2,189,0.6460836492254766,0.2684962970204651,0.9145799462459416
2,190,0.6408104106697842,0.245025042841142,0.8858354535109262
2,191,0.6370260005027036,0.24861999031375437,0.885645990816458
2,192,0.6415841109903392,0.23757098763043644,0.8791550986207757
2,193,0.6492530652462908,0.21421936526004773,0.8634724305063385
2,194,0.6222988550711516,0.2243500600779953,0.8466489151491469
2,195,0.6183878819723463,0.2161346840672195,0.8345225660395658
2,196,0.6364187278248736,0.2409483628169469,0.8773670906418205
3,1,0.6305909341426605,0.21176237188764427,0.8423533060303048
3,2,0.6232130279837176,0.23607647086885805,0.8592894988525757
3,3,0.6133464011062391,0.23926613495985824,0.8526125360660973
3,4,0.6296793398837349,0.22580817598699524,0.8554875158707301
3,5,0.5961973585311442,0.21626080612518958,0.8124581646563338
3,6,0.6195427530427163,0.23098919503390788,0.8505319480766242
3,7,0.6198009689686241,0.23037692922961844,0.8501778981982426
3,8,0.6248411607133736,0.22015234909645498,0.8449935098098286
3,9,0.6293035508335593,0.2318766016238766,0.8611801524574358
3,10,0.6391342427733776,0.22378571835064956,0.8629199611240271
3,11,0.6150694488234367,0.22147932987384222,0.836548778697279
3,12,0.6164314716525324,0.21937908309941684,0.8358105547519492
3,13,0.6197465826028485,0.23451963389278763,0.8542662164956362
3,14,0.6379648278011689,0.23772403056121613,0.8756888583623851
3,15,0.6196721949154003,0.21777822245654746,0.8374504173719477
3,16,0.617455276799756,0.23042786094957768,0.8478831377493337
3,17,0.6436047411602092,0.2289814436495179,0.872586184809727
3,18,0.6264148707065265,0.22043703212497154,0.846851902831498
3,19,0.6720300408938077,0.2550833181204803,0.9271133590142879
3,20,0.6157479218311587,0.21079959272884016,0.8265475145599989
3,21,0.6341768504597554,0.2411913088737772,0.8753681593335325
3,22,0.6368432229989394,0.21611804135843626,0.8529612643573756
3,23,0.611984507730524,0.2505849802068302,0.8625694879373542
3,24,0.6463092577798895,0.2174820744188591,0.8637913321987486
3,25,0.610047295302721,0.23515897841245786,0.8452062737151789
3,26,0.6291600260102322,0.2675767428441239,0.8967367688543562
3,27,0.6152344051945755,0.21497678660029956,0.8302111917948751
3,28,0.6149752591855147,0.21844596574326455,0.8334212249287792
3,29,0.593679110232442,0.25063245161784004,0.8443115618502821
3,30,0.6251870408322677,0.23314359336774976,0.8583306342000174
3,31,0.6317231436799678,0.24096630046292683,0.8726894441428947
3,32,0.6028517437460437,0.2435200770035576,0.8463718207496013
3,33,0.609926719297648,0.21487417568872408,0.8248008949863721
3,34,0.5976543373705404,0.2539265594602893,0.8515808968308297
3,35,0.6226889866828089,0.20946996907062881,0.8321589557534377
3,36,0.6245611197232024,0.2243433675826772,0.8489044873058795
3,37,0.6378160670691381,0.2389113426973511,0.8767274097664892
3,38,0.6407272644235666,0.23035374757949342,0.8710810120030601
3,39,0.6229844056989626,0.23383813249808416,0.8568225381970468
3,40,0.6395044954901968,0.20764670165607224,0.8471511971462691
3,41,0.6075882484962943,0.22224641211617452,0.8298346606124689
3,42,0.6357317076548731,0.2025594636073543,0.8382911712622274
3,43,0.6240741979531705,0.24163027978066703,0.8657044777338376
3,44,0.5882738113325914,0.2287937172619958,0.8170675285945872
3,45,0.6261342969834276,0.2418398702021882,0.8679741671856158
3,46,0.6208424578136449,0.22590616266847452,0.8467486204821194
3,47,0.6445953879483133,0.25048822608953136,0.8950836140378446
3,48,0.6277803267354073,0.23505146055263867,0.862831787288046
3,49,0.6064259784767165,0.23022247319472314,0.8366484516714396
3,50,0.6302471289397128,0.22776483173253914,0.8580119606722519
3,51,0.619904149866754,0.22622951027715762,0.8461336601439117
3,52,0.6082905681497268,0.25192159423854066,0.8602121623882675
3,53,0.6122067722175553,0.22574427344032652,0.8379510456578818
3,54,0.6151820676147746,0.2246878998024234,0.839869967417198
3,55,0.6472563557372674,0.23701352383659194,0.8842698795738593
3,56,0.6248099148344907,0.25302929257505513,0.8778392074095458
3,57,0.6031136100797458,0.2331531531449097,0.8362667632246555
3,58,0.6023147771725381,0.22220637854327682,0.824521155715815
3,59,0.6317368063529964,0.2187931897611093,0.8505299961141057
3,60,0.6422957979225972,0.24098731365086415,0.8832831115734613
3,61,0.6164084939460819,0.22088506790768245,0.8372935618537644
3,62,0.6086250465398967,0.22638674333708686,0.8350117898769835
3,63,0.6547990678536125,0.23942471335670262,0.8942237812103151
3,64,0.6258804721437632,0.23934892734202248,0.8652293994857857
3,65,0.6065984338691613,0.24415388724781453,0.8507523211169759
3,66,0.6333794135334717,0.20603842889029308,0.8394178424237648
3,67,0.5980683952045647,0.21788521060962082,0.8159536058141855
3,68,0.6355087314434225,0.22307664001212887,0.8585853714555514
3,69,0.609143339829601,0.1963433251397586,0.8054866649693596
3,70,0.6314355616988182,0.2076606942401802,0.8390962559389984
3,71,0.654654713841245,0.22959726558579807,0.884251979427043
3,72,0.599290651465347,0.21126762929249226,0.8105582807578393
3,73,0.611489567397465,0.2481292230685117,0.8596187904659767
3,74,0.6155718350053124,0.22838588652357983,0.8439577215288923
3,75,0.613689413567299,0.22542427947833957,0.8391136930456385
3,76,0.6067166737622697,0.23294833813845398,0.8396650119007236
3,77,0.6085844912157604,0.2247690570389701,0.8333535482547305
3,78,0.6246225111861872,0.22584908129951728,0.8504715924857045
3,79,0.6055832048741049,0.21646639103939952,0.8220495959135043
3,80,0.6034332966355085,0.20054067236046177,0.8039739689959703
3,81,0.6295880845355369,0.17534863916416496,0.8049367236997019
3,82,0.6115159952160772,0.23815699148470085,0.8496729867007781
3,83,0.6068411449752924,0.22527000643551734,0.8321111514108097
3,84,0.6035132264047326,0.19549445968209925,0.7990076860868318
3,85,0.6142227895682768,0.22093038961356568,0.8351531791818425
3,86,0.6289069359197517,0.24508361430424783,0.8739905502239995
3,87,0.6034378876516722,0.20034150671651305,0.8037793943681852
3,88,0.6108989624486076,0.22059299347998632,0.8314919559285939
3,89,0.6458904835383559,0.2181798893701902,0.864070372908546
3,90,0.641845957143031,0.2232177670484213,0.8650637241914524
3,91,0.6709048018162327,0.24193771050742535,0.9128425123236581
3,92,0.6248255309087276,0.22643492546254643,0.851260456371274
3,93,0.6051835541385735,0.24065611875883375,0.8458396728974072
3,94,0.5862414185672892,0.22962884528872868,0.8158702638560178
3,95,0.5980330106044115,0.22820832467181862,0.8262413352762301
3,96,0.6142063019892958,0.25579150088534164,0.8699978028746375
3,97,0.6006658578877511,0.23898460710486877,0.8396504649926199
3,98,0.622835267397892,0.22893121871916997,0.851766486117062
3,99,0.6182617466378401,0.21873834450043325,0.8370000911382733
3,100,0.5903506844512054,0.22245739907005896,0.8128080835212643
3,101,0.6239148028758291,0.2261957096559056,0.8501105125317348
3,102,0.6049511358268247,0.22664940292911176,0.8316005387559364
3,103,0.636653394536749,0.2282204928705106,0.8648738874072596
3,104,0.6171925819029876,0.2078237943793975,0.8250163762823851
3,105,0.6450866754481227,0.22335999722348612,0.8684466726716088
3,106,0.661178745035908,0.22978535543600292,0.8909641004719109
3,107,0.608310514136557,0.22542030300572516,0.8337308171422821
3,108,0.6085990619232696,0.24922653551358756,0.8578255974368572
3,109,0.6121113455298313,0.24014721219541857,0.8522585577252498
3,110,0.6185314205556149,0.21961635878902572,0.8381477793446407
3,111,0.6273380257985467,0.2117780536493479,0.8391160794478946
3,112,0.6076762206756613,0.2185379505250603,0.8262141712007216
3,113,0.6196289604932743,0.22692332490960662,0.846552285402881
3,114,0.5989526877518929,0.24675595360246755,0.8457086413543604
3,115,0.6155960491859452,0.2219878855532789,0.8375839347392241
3,116,0.6224211284902015,0.22392279235734322,0.8463439208475447
3,117,0.5769355637940505,0.23773140734870757,0.8146669711427581
3,118,0.5966831432890749,0.23308342449944205,0.829766567788517
3,119,0.609631445327404,0.21292922584689222,0.8225606711742962
3,120,0.5968421357086823,0.24395918039805561,0.8408013161067379
3,121,0.6262969553654685,0.24391057555109633,0.8702075309165648
3,122,0.585874335752741,0.21923443574053275,0.8051087714932736
3,123,0.6368196068858243,0.23185694667318946,0.8686765535590137
3,124,0.6070773752091617,0.22657769630953786,0.8336550715186996
3,125,0.6368287316496043,0.22432203522251273,0.861150766872117
3,126,0.5882250000379987,0.21376340083161913,0.8019884008696179
3,127,0.6253070830555976,0.22036694942781812,0.8456740324834157
3,128,0.6375652109556816,0.20496465848209186,0.8425298694377735
3,129,0.6123442323077134,0.21919874890063631,0.8315429812083497
3,130,0.618332127762981,0.22785156336106846,0.8461836911240495
3,131,0.5842074583741168,0.21506960216377466,0.7992770605378915
3,132,0.5942985609742347,0.21320081330403418,0.8074993742782689
3,133,0.5993953577841711,0.22503989024087787,0.824435248025049
3,134,0.6449087869397557,0.24461383044919266,0.8895226173889483
3,135,0.5984358542932354,0.2068812747204529,0.8053171290136883
3,136,0.5669979935851301,0.21522161456412822,0.7822196081492584
3,137,0.5798164806666548,0.21947979813008311,0.7992962787967379
3,138,0.5803299928493291,0.2008927626336373,0.7812227554829664
3,139,0.603356830994352,0.19698368222771645,0.8003405132220685
3,140,0.5949037486147993,0.22680968632355233,0.8217134349383517
3,141,0.5856937683869597,0.20062509939514908,0.7863188677821088
3,142,0.6305047448952042,0.23042745326305383,0.860932198158258
3,143,0.6553641125823034,0.23767060276487484,0.8930347153471783
3,144,0.6053205564034363,0.20732493599603508,0.8126454923994714
3,145,0.6253434924753724,0.22629046146325624,0.8516339539386286
3,146,0.596915172831111,0.23363382890468193,0.8305490017357928
3,147,0.5740659203171293,0.2224965339410119,0.7965624542581412
3,148,0.5954360625658187,0.199530810841012,0.7949668734068307
3,149,0.5856577724370673,0.21733760634433702,0.8029953787814044
3,150,0.5954983384542294,0.20358899531261573,0.7990873337668452
3,151,0.578236048109211,0.2271308374648921,0.8053668855741032
3,152,0.6206880431076354,0.23165048906855562,0.8523385321761909
3,153,0.5779213824047695,0.22735175335601646,0.805273135760786
3,154,0.6192138190681851,0.223909818739396,0.843123637807581
3,155,0.6422251385645947,0.22324456142870566,0.8654696999933004
3,156,0.5903041943742596,0.2089165020972194,0.799220696471479
3,157,0.59078073992028,0.2173555132882424,0.8081362532085224
3,158,0.6136128384095184,0.2183828103884342,0.8319956487979526
3,159,0.6051500738459515,0.2065584813367183,0.8117085551826698
3,160,0.6192902278008923,0.21767369945418846,0.8369639272550807
3,161,0.6084274581732589,0.21011745706084187,0.8185449152341008
3,162,0.5884510818684353,0.2115160827907905,0.7999671646592258
3,163,0.5961748570479848,0.21102526410418487,0.8072001211521697
3,164,0.5990554846933026,0.20532256026500062,0.8043780449583032
3,165,0.5701095614111172,0.23292386558955366,0.8030334270006709
3,166,0.593870422958014,0.22636898547898454,0.8202394084369985
3,167,0.5607953646748476,0.20345427973465732,0.7642496444095049
3,168,0.550976392521352,0.21540491298628694,0.7663813055076389
3,169,0.592040754184737,0.19798926816498538,0.7900300223497224
3,170,0.6102794082961801,0.22443536279876883,0.834714771094949
3,171,0.5854425388252463,0.2173729827063653,0.8028155215316116
3,172,0.594531636051393,0.21697300400895375,0.8115046400603467
3,173,0.5822910935191269,0.20705198910802083,0.7893430826271477
3,174,0.6403387186341416,0.23139470490486141,0.8717334235390031
3,175,0.5944959131744723,0.21451057092466902,0.8090064840991413
3,176,0.5784515850858133,0.21771386321121747,0.7961654482970307
3,177,0.5906704100616366,0.21988190903928717,0.8105523191009237
3,178,0.5894022798149846,0.20004319701881804,0.7894454768338026
3,179,0.5825987363262911,0.21874311877354222,0.8013418550998334
3,180,0.5931963868938559,0.20983564745456654,0.8030320343484224
3,181,0.576137391890561,0.20312520715288726,0.7792625990434483
3,182,0.5815812319799285,0.24249682920263793,0.8240780611825664
3,183,0.5940585909902384,0.20826900300876744,0.8023275939990058
3,184,0.5986449941493691,0.2015086803595258,0.8001536745088949
3,185,0.562957400118068,0.18233630926115438,0.7452937093792225
3,186,0.5598187445433322,0.23108180190545932,0.7909005464487916
3,187,0.5937709766808279,0.21903209262404055,0.8128030693048685
3,188,0.6037891141424876,0.21186416518932005,0.8156532793318076
3,189,0.6168393004555237,0.22162405104822533,0.8384633515037491
3,190,0.5706863117416427,0.2175645591588533,0.7882508709004961
3,191,0.5843231495792417,0.2050827994800131,0.7894059490592548
3,192,0.5910095340859125,0.20988558774641264,0.8008951218323251
3,193,0.6007676256051059,0.22446331620256602,0.8252309418076719
3,194,0.5642218507012267,0.17213468236712895,0.7363565330683556
3,195,0.6057627425365182,0.21560884466931407,0.8213715872058323
3,196,0.6088335879755208,0.21732347710179045,0.8261570650773112
4,1,0.5615156384066028,0.2156995682167724,0.7772152066233752
4,2,0.5670040911272719,0.23647116110579028,0.8034752522330622
4,3,0.5775322835969702,0.21922936102384288,0.796761644620813
4,4,0.6023370048738707,0.20017007112824425,0.8025070760021149
4,5,0.5578685759823065,0.18770218939294528,0.7455707653752518
4,6,0.559652921190522,0.18612991175971483,0.7457828329502368
4,7,0.5821356666849328,0.2151486541100466,0.7972843207949794
4,8,0.5806732216389962,0.20351248664656602,0.7841857082855621
4,9,0.5642756457088227,0.1978664747692746,0.7621421204780974
4,10,0.5642403610835576,0.21306056072816823,0.7773009218117258
4,11,0.5591867990341983,0.20776147761989705,0.7669482766540954
4,12,0.6121183473792652,0.20891644755055883,0.821034794929824
4,13,0.5434642268316004,0.1774355284662148,0.7208997552978152
4,14,0.5859727556014601,0.21032944121045258,0.7963021968119127
4,15,0.5697200699226486,0.1780845030327801,0.7478045729554287
4,16,0.529706087150093,0.2241455342820521,0.7538516214321451
4,17,0.5351739986962347,0.1909624461075152,0.72613644480375
4,18,0.6089356675690266,0.18295174596365543,0.7918874135326821
4,19,0.574275562776444,0.20987722321036284,0.7841527859868068
4,20,0.5932111770368215,0.19828944907248094,0.7915006261093024
4,21,0.5376874662506373,0.1965846415969807,0.734272107847618
4,22,0.5245992753555834,0.18326036981545712,0.7078596451710405
4,23,0.5754888158674444,0.18510916056938614,0.7605979764368305
4,24,0.5693270381088661,0.17988847002489425,0.7492155081337604
4,25,0.5724346859776425,0.2010042290664623,0.7734389150441048
4,26,0.5598316168251602,0.19221694072872772,0.752048557553888
4,27,0.5633030070573858,0.16930965053887728,0.732612657596263
4,28,0.6024716263148301,0.21277307051510935,0.8152446968299394
4,29,0.5795129959326668,0.18967964622546182,0.7691926421581287
4,30,0.5423753609669547,0.17826147025563813,0.7206368312225928
4,31,0.5839716056393243,0.19008522115793314,0.7740568267972574
4,32,0.5608465350325407,0.20110583412633787,0.7619523691588785
4,33,0.579215121853942,0.17424176174217446,0.7534568835961164
4,34,0.5507699447865031,0.18624246687219406,0.7370124116586971
4,35,0.5633890221162148,0.18085028833660405,0.7442393104528189
4,36,0.5389090236979324,0.18077100618841319,0.7196800298863455
4,37,0.5850796486921768,0.18132657280456607,0.7664062214967429
4,38,0.5827171330514171,0.1905585286747096,0.7732756617261267
4,39,0.5927543194423274,0.18852635011421004,0.7812806695565374
4,40,0.6158907439096915,0.18033086561020106,0.7962216095198925
4,41,0.5827216716743657,0.1912001190182578,0.7739217906926236
4,42,0.5542153467986242,0.20484067955022364,0.7590560263488478
4,43,0.5464989295390917,0.17427558592484835,0.7207745154639401
4,44,0.5784141440365795,0.18151315455024522,0.7599272985868247
4,45,0.5145351189741653,0.18044304622622695,0.6949781652003922
4,46,0.5653951741748919,0.18938981431042398,0.7547849884853159
4,47,0.5394355027229456,0.2008923003236608,0.7403278030466064
4,48,0.5788928187665962,0.1787106488507221,0.7576034676173182
4,49,0.5540317989693355,0.19696758994832636,0.7509993889176618
4,50,0.5495767677785687,0.17010199808847215,0.7196787658670408
4,51,0.5583874080167073,0.1876322623603733,0.7460196703770806
4,52,0.5403502745221133,0.17871865368719528,0.7190689282093086
4,53,0.5521016913839687,0.18199048769613574,0.7340921790801045
4,54,0.5471600670108919,0.15121250726023672,0.6983725742711286
4,55,0.5850231465421899,0.19579818204751817,0.7808213285897081
4,56,0.5794716204749003,0.18648865967502,0.7659602801499203
4,57,0.5837487368331343,0.18404299921015146,0.7677917360432858
4,58,0.5775794679131628,0.17766259814042998,0.7552420660535928
4,59,0.5632303261444197,0.1930002556537147,0.7562305817981344
4,60,0.5329986589201302,0.18182978776782804,0.7148284466879582
4,61,0.5728083472397851,0.17084895227783378,0.7436572995176189
4,62,0.5616356108768253,0.20256181083611488,0.7641974217129403
4,63,0.5531864782442697,0.1635489148142532,0.716735393058523
4,64,0.5518804547980519,0.20313435400116686,0.7550148087992188
4,65,0.5451794687017532,0.18751805430042623,0.7326975230021794
4,66,0.5874175652519459,0.19260548285893636,0.7800230481108823
4,67,0.5725524756882905,0.19265875227663162,0.7652112279649221
4,68,0.5914229945238829,0.19995230884524062,0.7913753033691235
4,69,0.5716957663349793,0.1828125003491798,0.7545082666841592
4,70,0.5316053462850762,0.16655435218264167,0.6981596984677179
4,71,0.5450604371302494,0.17201791800870259,0.717078355138952
4,72,0.5504340905568372,0.17628077391377345,0.7267148644706107
4,73,0.5540319674800737,0.16777657337690666,0.7218085408569803
4,74,0.5495148198841322,0.18406237728941172,0.7335771971735439
4,75,0.5802776449020033,0.16181044993402918,0.7420880948360324
4,76,0.5620646772686155,0.1831061867518631,0.7451708640204786
4,77,0.5757347725933213,0.1801392011927251,0.7558739737860464
4,78,0.5416471385181348,0.2001054760999418,0.7417526146180766
4,79,0.5733746251198084,0.18724036574868175,0.7606149908684902
4,80,0.5575674085682546,0.18609546793801987,0.7436628765062745
4,81,0.5979363243833289,0.18212234540187638,0.7800586697852052
4,82,0.5638856934787542,0.17437375246780418,0.7382594459465583
4,83,0.5981672471373971,0.19424412844362154,0.7924113755810187
4,84,0.5731482846293181,0.17266154252612004,0.7458098271554381
4,85,0.5701148523693012,0.18022071461425745,0.7503355669835586
4,86,0.5430875088851875,0.17254502598555352,0.7156325348707411
4,87,0.5629715406274317,0.15650260858778828,0.71947414921522
4,88,0.5928942183474342,0.19068114293299407,0.7835753612804283
4,89,0.5812114912693237,0.18253437555961305,0.7637458668289367
4,90,0.5652364177882914,0.17843470581742346,0.7436711236057149
4,91,0.5316770339475112,0.17275695309334393,0.7044339870408551
4,92,0.531076073674715,0.1793596828900798,0.7104357565647947
4,93,0.5376429392644388,0.18034356271346041,0.7179865019778993
4,94,0.5645176236527597,0.18865325017133727,0.753170873824097
4,95,0.5586876924728971,0.16228133996589578,0.7209690324387928
4,96,0.5446006037130474,0.18345216743304504,0.7280527711460925
4,97,0.5522823087026978,0.1794349243705669,0.7317172330732646
4,98,0.5664596147114649,0.18180014708040593,0.7482597617918708
4,99,0.5491194361627489,0.1688015827845507,0.7179210189472996
4,100,0.5292546054439897,0.169528442522382,0.6987830479663717
4,101,0.574770850202362,0.1815445811779892,0.7563154313803512
4,102,0.5504574062544966,0.18103251764923334,0.7314899239037299
4,103,0.5626958259221588,0.16955573194929072,0.7322515578714496
4,104,0.5423236809442247,0.16811153141602966,0.7104352123602543
4,105,0.5396597616457222,0.16353827296623816,0.7031980346119603
4,106,0.5667866821113752,0.17627113866505975,0.7430578207764349
4,107,0.5186345915414666,0.1601205008008983,0.6787550923423649
4,108,0.548584962343662,0.17029005209827147,0.7188750144419336
4,109,0.5725310546400914,0.19070551586290785,0.7632365705029992
4,110,0.5392997245518244,0.18470574934035539,0.7240054738921797
4,111,0.5698194968757955,0.16428483657942838,0.7341043334552239
4,112,0.5297731364209861,0.1618315144505291,0.6916046508715152
4,113,0.5537595445578726,0.1825359110728393,0.7362954556307119
4,114,0.5282618264178498,0.1658099021134105,0.6940717285312603
4,115,0.5666824207592429,0.16506929602455897,0.7317517167838019
4,116,0.5384947415906522,0.17252317238848522,0.7110179139791375
4,117,0.5147012655879837,0.1663521154788207,0.6810533810668044
4,118,0.5473596111312339,0.17002248965849678,0.7173821007897306
4,119,0.5283805899561437,0.16812476920160022,0.6965053591577439
4,120,0.5409721347176427,0.1883001903269366,0.7292723250445793
4,121,0.5673302990610246,0.1893076544113904,0.756637953472415
4,122,0.5649911945527895,0.14790494175783048,0.7128961363106199
4,123,0.5334136715341263,0.18098366892898268,0.714397340463109
4,124,0.5757418105256569,0.1568319815866834,0.7325737921123403
4,125,0.5163751335899845,0.17119664728467843,0.687571780874663
4,126,0.5338462471900293,0.16381351186380022,0.6976597590538295
4,127,0.5202696714819127,0.15783891532532102,0.6781085868072337
4,128,0.554740790626679,0.15704743541699526,0.7117882260436743
4,129,0.5049316696520786,0.14498421683250248,0.6499158864845811
4,130,0.5877344092186977,0.16947738240766208,0.7572117916263598
4,131,0.5417331242754503,0.1629275800219774,0.7046607042974277
4,132,0.5423786148966032,0.16374853179893561,0.7061271466955388
4,133,0.5248110975775252,0.16262458461571794,0.6874356821932431
4,134,0.5251108891625721,0.16050504858362222,0.6856159377461943
4,135,0.5853471697743694,0.17642592919084613,0.7617730989652155
4,136,0.5470750629176768,0.15676539532549214,0.703840458243169
4,137,0.5475625505153517,0.17846428917622328,0.726026839691575
4,138,0.5337185775957041,0.1795820247210852,0.7133006023167893
4,139,0.5349257818900254,0.1535187298048792,0.6884445116949046
4,140,0.5365649610808305,0.18132529217003543,0.717890253250866
4,141,0.4831218564228063,0.16056482594597452,0.6436866823687808
4,142,0.5114136472575843,0.16779439488997344,0.6792080421475577
4,143,0.5811920541926748,0.16449162043266904,0.7456836746253439
4,144,0.5796348597770251,0.17476994360719497,0.7544048033842201
4,145,0.5304565937806177,0.16964061475399167,0.7000972085346093
4,146,0.5647740720526759,0.18262224596852822,0.7473963180212042
4,147,0.5754614926991305,0.17883191582004182,0.7542934085191724
4,148,0.5183183130455278,0.16597681273608664,0.6842951257816144
4,149,0.552184591410401,0.16717644169649717,0.7193610331068981
4,150,0.5177200068000278,0.18201661228357505,0.6997366190836029
4,151,0.5743222269514437,0.16892905311408238,0.7432512800655261
4,152,0.5282580966012008,0.1737981414312603,0.7020562380324611
4,153,0.5346808700687946,0.1545988412584751,0.6892797113272697
4,154,0.5148064892083891,0.1544285142110621,0.6692350034194512
4,155,0.49475212387061585,0.15441940955396813,0.649171533424584
4,156,0.51814306881552,0.16875385454776443,0.6868969233632845
4,157,0.5162878382519868,0.16077311976342235,0.6770609580154091
4,158,0.5556676409742082,0.17902469034452226,0.7346923313187305
4,159,0.5669358825916645,0.15730592836293258,0.724241810954597
4,160,0.5550081345704562,0.17686660402260956,0.7318747385930657
4,161,0.5407416199790477,0.15753163385761582,0.6982732538366635
4,162,0.5336529126807059,0.16323405336134317,0.6968869660420491
4,163,0.5635168366410629,0.1678895817757995,0.7314064184168624
4,164,0.5618989069619927,0.1623253713864833,0.724224278348476
4,165,0.5299350867603827,0.1461830589084734,0.6761181456688561
4,166,0.532058250454963,0.14683120628581414,0.6788894567407772
4,167,0.5081931600900451,0.14557971270111766,0.6537728727911628
4,168,0.5151242453835689,0.14457257801237017,0.659696823395939
4,169,0.5146114826586914,0.155046974786755,0.6696584574454464
4,170,0.5306023518150528,0.17030031509944465,0.7009026669144974
4,171,0.5588371492779418,0.16230966833416674,0.7211468176121085
4,172,0.48583788713576925,0.1589100751417308,0.6447479622775001
4,173,0.5507257545082407,0.17224693955540715,0.7229726940636478
4,174,0.510499468444533,0.15978622292103312,0.6702856913655661
4,175,0.5296961470789896,0.1693322706411182,0.6990284177201078
4,176,0.5550790565757369,0.16179566669694662,0.7168747232726835
4,177,0.5257474468301789,0.17261149768729683,0.6983589445174758
4,178,0.5508780468858251,0.17309329225062806,0.7239713391364532
4,179,0.5055647363300568,0.18026280003612655,0.6858275363661834
4,180,0.5272493161151056,0.167918737981874,0.6951680540969796
4,181,0.5778944919978549,0.1586883274979879,0.7365828194958428
4,182,0.5409931866330085,0.15669838819776488,0.6976915748307735
4,183,0.5017612730153461,0.15675666404191388,0.65851793705726
4,184,0.5167575027373555,0.14943675061704517,0.6661942533544007
4,185,0.5041721682789283,0.16479742105165496,0.6689695893305833
4,186,0.4783796728947497,0.15895307836175912,0.6373327512565088
4,187,0.49666931782753654,0.14785822268662063,0.6445275405141572
4,188,0.5315375087088364,0.17397335541778808,0.7055108641266246
4,189,0.5442173166732593,0.16024799657698902,0.7044653132502483
4,190,0.5179063361432193,0.15825981463715058,0.6761661507803699
4,191,0.5514873902504935,0.1938872477009513,0.7453746379514449
4,192,0.5573034879515671,0.17504681309185802,0.7323503010434251
4,193,0.5756435786533368,0.17082939598454128,0.7464729746378781
4,194,0.5651084423056048,0.18077297230695047,0.7458814146125552
4,195,0.5465903612349653,0.16635376655802586,0.7129441277929911
4,196,0.49382763372275074,0.1586365141026262,0.652464147825377
5,1,0.465043649136727,0.1506425496061436,0.6156861987428706
5,2,0.49712693279642295,0.1642981320619583,0.6614250648583813
5,3,0.549259043384197,0.170320397678006,0.719579441062203
5,4,0.5061900811053374,0.16715522828258964,0.673345309387927
5,5,0.5194919094292207,0.13509949917436204,0.6545914086035828
5,6,0.4650733605982049,0.1468613644505644,0.6119347250487693
5,7,0.4545657126389687,0.1403523751362227,0.5949180877751914
5,8,0.49229638623733096,0.15935952481168839,0.6516559110490193
5,9,0.5349448207106119,0.1663371642284411,0.701281984939053
5,10,0.5540744250984737,0.15787227504988552,0.7119467001483593
5,11,0.44468730655827887,0.13965985708426776,0.5843471636425466
5,12,0.5530059224154159,0.161905300855043,0.7149112232704589
5,13,0.484765963366764,0.16528948044718503,0.650055443813949
5,14,0.4790377438636426,0.16235573244352963,0.6413934763071723
5,15,0.4778243702714038,0.17032549536592642,0.6481498656373302
5,16,0.5321145198665386,0.16572236312983804,0.6978368829963766
5,17,0.5311007507927704,0.1380989142755211,0.6691996650682915
5,18,0.4803507292420462,0.1542986289066134,0.6346493581486596
5,19,0.47469118404327737,0.14580705398912447,0.6204982380324018
5,20,0.49975678329475476,0.15630168103230146,0.6560584643270562
5,21,0.5276410644011069,0.15172895069679662,0.6793700150979035
5,22,0.4965864245934069,0.16895698485250182,0.6655434094459087
5,23,0.49890719441617454,0.15633762850313737,0.655244822919312
5,24,0.47175604076516775,0.14703641180120244,0.6187924525663702
5,25,0.46792942457421394,0.1608465778247673,0.6287760023989812
5,26,0.441615156374397,0.154657043508254,0.596272199882651
5,27,0.5102431828498583,0.14106296998254644,0.6513061528324047
5,28,0.482347459925428,0.15125089367562583,0.6335983536010539
5,29,0.44950769552105213,0.1575804558556074,0.6070881513766595
5,30,0.5148050488790861,0.1547457985193507,0.6695508473984367
5,31,0.5531239610939679,0.154011365966023,0.7071353270599909
5,32,0.4770034470598449,0.13008168362149294,0.6070851306813378
5,33,0.5212256029294527,0.16470816507353447,0.6859337680029872
5,34,0.4761982143830543,0.14466926420135492,0.6208674785844093
5,35,0.5197030143851287,0.16960907774675335,0.689312092131882
5,36,0.48620930683404356,0.15177515212729173,0.6379844589613353
5,37,0.4627842385439395,0.16344445182495124,0.6262286903688907
5,38,0.4605831143974318,0.14837844472401776,0.6089615591214496
5,39,0.44929971056871565,0.14498801527296917,0.5942877258416848
5,40,0.4813263625713326,0.14464401383082176,0.6259703764021544
5,41,0.5405734573675663,0.1755277448424345,0.7161012022100008
5,42,0.5218628985448754,0.16850015589943043,0.6903630544443059
5,43,0.4723827848436946,0.1410216211127255,0.6134044059564201
5,44,0.46762648323901224,0.1670830150137701,0.6347094982527823
5,45,0.47936192488951135,0.1639525960907059,0.6433145209802172
5,46,0.5028160527756754,0.14775216977365993,0.6505682225493353
5,47,0.48115287300515275,0.15390647684019823,0.635059349845351
5,48,0.5075237801681983,0.15335260566282688,0.6608763858310251
5,49,0.4752896097980096,0.15398177732458862,0.6292713871225982
5,50,0.475321710428553,0.14687785402091455,0.6221995644494676
5,51,0.4498116341233713,0.1486669660206196,0.5984786001439909
5,52,0.4985662765117296,0.14492144139787982,0.6434877179096095
5,53,0.4757916307346693,0.15986072100101528,0.6356523517356846
5,54,0.5190465430287341,0.1715431320084132,0.6905896750371473
5,55,0.4765686781649263,0.14357269287053773,0.6201413710354641
5,56,0.4820510328284691,0.1477837252934391,0.6298347581219083
5,57,0.45343346446669536,0.1512483199021517,0.604681784368847
5,58,0.4684912027402615,0.1546681013241734,0.623159304064435
5,59,0.480088694313024,0.1581882618674153,0.6382769561804393
5,60,0.49617915783748123,0.14853946385596684,0.6447186216934481
5,61,0.47498599172025513,0.15444315498858818,0.6294291467088433
5,62,0.4891311162914769,0.17265342065234687,0.6617845369438238
5,63,0.4553552358070249,0.13211194182255986,0.5874671776295848
5,64,0.5242746130117267,0.15623489615283784,0.6805095091645645
5,65,0.47531696735597856,0.14453230036873443,0.6198492677247129
5,66,0.48708406078021543,0.14585405878240762,0.632938119562623
5,67,0.5027431758339517,0.17666226652958855,0.6794054423635403
5,68,0.5239319382144543,0.16138263398813718,0.6853145722025915
5,69,0.44878162209991734,0.15401248836522582,0.6027941104651432
5,70,0.5154042280503439,0.15421844545755234,0.6696226735078963
5,71,0.4470593206399167,0.1418885870060443,0.5889479076459609
5,72,0.45703644470778665,0.147303981513967,0.6043404262217537
5,73,0.5012254561701159,0.15612329968725325,0.6573487558573692
5,74,0.5251157716881841,0.15979662559359073,0.6849123972817749
5,75,0.5069948572242257,0.1618634512461516,0.6688583084703772
5,76,0.46038236057322346,0.13504841961957562,0.595430780192799
5,77,0.475518801864528,0.1591017734800135,0.6346205753445415
5,78,0.4633005683537987,0.15111981190913806,0.6144203802629368
5,79,0.516179684532686,0.1493235958129974,0.6655032803456834
5,80,0.5094729238174636,0.16147614036497004,0.6709490641824336
5,81,0.5086630694464558,0.15444841947748217,0.663111488923938
5,82,0.540802490380811,0.15463600686744794,0.6954384972482589
5,83,0.45576173949797055,0.14391230378821415,0.5996740432861847
5,84,0.46367147293923516,0.14968273043387936,0.6133542033731145
5,85,0.4672055543322687,0.16244601976778184,0.6296515741000506
5,86,0.5085277811081642,0.1525779465719377,0.6611057276801019
5,87,0.4711646466483251,0.15598410861265724,0.6271487552609823
5,88,0.4893286386536928,0.1574443271024255,0.6467729657561183
5,89,0.4970768464926447,0.16101628283912658,0.6580931293317713
5,90,0.46768945091141506,0.13845058157742635,0.6061400324888414
5,91,0.4337520691285296,0.1506241077835923,0.5843761769121218
5,92,0.49620008191168513,0.15920777682784118,0.6554078587395263
5,93,0.47301401756761163,0.1480865526855147,0.6211005702531264
5,94,0.46367805229932535,0.14892967786345124,0.6126077301627766
5,95,0.5128387696091489,0.15586563345235807,0.6687044030615069
5,96,0.5296757344602118,0.15872115936970818,0.68839689382992
5,97,0.493620766646973,0.15597262138381918,0.6495933880307923
5,98,0.5096224530920999,0.14875642217577786,0.6583788752678778
5,99,0.525321109977427,0.15018062946177269,0.6755017394391997
5,100,0.456544582618263,0.14412002627080764,0.6006646088890706
5,101,0.46081636613948657,0.15669581476047786,0.6175121808999644
5,102,0.5040090028907944,0.1611144770016303,0.6651234798924247
5,103,0.46432073300509713,0.1529787938570513,0.6172995268621484
5,104,0.5065371526452787,0.15805916609511209,0.6645963187403907
5,105,0.4579428650468609,0.14354810226499906,0.6014909673118599
5,106,0.5262998345754005,0.15527168291123786,0.6815715174866384
5,107,0.46696658897894977,0.14203715738873426,0.6090037463676841
5,108,0.49304966024359786,0.15222114928565134,0.6452708095292492
5,109,0.4184980266408612,0.1330168397191705,0.5515148663600318
5,110,0.4811681847959174,0.14943708086715696,0.6306052656630743
5,111,0.4773060818452369,0.16559061572508849,0.6428966975703254
5,112,0.5276624797716323,0.14335766693487043,0.6710201467065027
5,113,0.5218142156905379,0.14863317829785647,0.6704473939883944
5,114,0.47938577544539,0.15561653817044194,0.6350023136158319
5,115,0.4787139361302713,0.14172176934541844,0.6204357054756897
5,116,0.42856501811277775,0.1453740520237261,0.5739390701365039
5,117,0.459647528429997,0.16245195240522106,0.622099480835218
5,118,0.5041167396154441,0.1562081399109646,0.6603248795264087
5,119,0.47540857911131895,0.15747343491066013,0.6328820140219791
5,120,0.47917321932735096,0.14282995357359873,0.6220031729009496
5,121,0.4447480869059295,0.13788479016305452,0.582632877068984
5,122,0.45020684059608473,0.14457999449009581,0.5947868350861806
5,123,0.47103325709474364,0.15595282446628592,0.6269860815610295
5,124,0.4717858938591379,0.15233881320961265,0.6241247070687506
5,125,0.4484336696020297,0.12297154435131684,0.5714052139533465
5,126,0.4935995769444569,0.15828656869895397,0.6518861456434109
5,127,0.46153606166833455,0.14057116462161243,0.602107226289947
5,128,0.5024159003529167,0.15373418482837917,0.6561500851812959
5,129,0.4981190601756034,0.14088394368529877,0.6390030038609023
5,130,0.486971588111452,0.14487696979211276,0.6318485579035648
5,131,0.421816494139812,0.14936394418005786,0.5711804383198699
5,132,0.47534635053725816,0.14845803710997252,0.6238043876472307
5,133,0.45832595382674834,0.12744246839877002,0.5857684222255184
5,134,0.5002344726657679,0.14216396661637626,0.6423984392821442
5,135,0.45847132931395823,0.15121517835390083,0.609686507667859
5,136,0.4973850554324537,0.1683721965908682,0.6657572520233219
5,137,0.4304458988981257,0.13178120025293902,0.5622270991510647
5,138,0.4167073243351607,0.13789068975309113,0.5545980140882518
5,139,0.5425953000194964,0.1590976335381064,0.7016929335576028
5,140,0.4951682788571798,0.1467466934049433,0.6419149722621231
5,141,0.47800296834866346,0.14803279374098718,0.6260357620896506
5,142,0.48319181194331773,0.12887178911563857,0.6120636010589563
5,143,0.4504658182524224,0.16006016611642795,0.6105259843688503
5,144,0.5044809184923689,0.14636630159579112,0.65084722008816
5,145,0.4749974054823797,0.1570150388387828,0.6320124443211624
5,146,0.414044582028473,0.13926498273729288,0.5533095647657659
5,147,0.42682238289837754,0.12225366424057912,0.5490760471389566
5,148,0.5410959243083474,0.14145027957406014,0.6825462038824075
5,149,0.4797449222317254,0.1461918877795272,0.6259368100112526
5,150,0.45529864156675753,0.14002854078949406,0.5953271823562516
5,151,0.4819820153915437,0.1405683257748493,0.6225503411663931
5,152,0.44056030757784714,0.14165466533546955,0.5822149729133167
5,153,0.4613920365929532,0.1610750087540174,0.6224670453469706
5,154,0.46240289182219435,0.13562988946671664,0.598032781288911
5,155,0.4522500062220692,0.13870895376312548,0.5909589599851947
5,156,0.4927185948958727,0.15720196133409295,0.6499205562299657
5,157,0.508012449918126,0.15510943423901657,0.6631218841571426
5,158,0.4615421106123595,0.14388165767421854,0.6054237682865781
5,159,0.4456232300218743,0.13881641932417668,0.584439649346051
5,160,0.41708248109424123,0.152804346035169,0.5698868271294102
5,161,0.41654710103200515,0.134457387311821,0.5510044883438261
5,162,0.4753512510943686,0.14809456206983168,0.6234458131642002
5,163,0.4617369149970792,0.14028919931081113,0.6020261143078903
5,164,0.4373436303429559,0.1362878367907533,0.5736314671337093
5,165,0.4837559398395225,0.1620343983057665,0.645790338145289
5,166,0.4914808772364099,0.1508578136599455,0.6423386908963553
5,167,0.4258560038876105,0.14491484144994946,0.57077084533756
5,168,0.4442179078779274,0.14672342682899767,0.5909413347069251
5,169,0.4269646572430751,0.14579367541103033,0.5727583326541055
5,170,0.446494201552847,0.13962082534380355,0.5861150268966506
5,171,0.47176181076930285,0.1514700973689219,0.6232319081382247
5,172,0.4441242190620974,0.12733006745887301,0.5714542865209704
5,173,0.48713341662206205,0.1295392517620297,0.6166726683840917
5,174,0.4660008862109752,0.15003723713154024,0.6160381233425154
5,175,0.4657574584782931,0.13790821918796392,0.603665677666257
5,176,0.4527331655054092,0.15766247836657066,0.6103956438719799
5,177,0.5170770414433343,0.14822847361276878,0.6653055150561031
5,178,0.4709772589382513,0.13419638694591135,0.6051736458841627
5,179,0.4343350621611194,0.13776461840476972,0.5720996805658891
5,180,0.4500032250301455,0.1407753252053226,0.5907785502354681
5,181,0.45547752374858735,0.12881147491062736,0.5842889986592147
5,182,0.4691924347143222,0.1368448593900265,0.6060372941043487
5,183,0.416908301198981,0.14368947229982632,0.5605977734988072
5,184,0.4024156616165759,0.1391274338006042,0.54154309541718
5,185,0.47358101263180685,0.15502299403702183,0.6286040066688287
5,186,0.3968859307863439,0.13093594207470727,0.5278218728610511
5,187,0.5363133090628991,0.14748328330848987,0.6837965923713889
5,188,0.4670462774059359,0.1389978951137025,0.6060441725196384
5,189,0.43202164193890763,0.14619778691531907,0.5782194288542267
5,190,0.5039848544032263,0.14307337322836527,0.6470582276315915
5,191,0.4607378040483242,0.14629538761030692,0.6070331916586311
5,192,0.4563719489919843,0.14973982968070032,0.6061117786726846
5,193,0.5168659846865059,0.1603311280252345,0.6771971127117404
5,194,0.4276494191301118,0.1263208294862189,0.5539702486163307
5,195,0.4891146770435182,0.15410854504664492,0.6432232220901631
5,196,0.43891684227095856,0.1456782194741425,0.584595061745101
6,1,0.42629238870474545,0.13492771412523824,0.5612201028299837
6,2,0.45374243257167124,0.13784955798101417,0.5915919905526854
6,3,0.4384817137380706,0.13967878234635558,0.5781604960844262
6,4,0.4250115369699211,0.15420100138114715,0.5792125383510682
6,5,0.45573060408121113,0.13759044461728384,0.593321048698495
6,6,0.4502697741500332,0.13701925208996354,0.5872890262399968
6,7,0.432784759825651,0.14461821094729926,0.5774029707729502
6,8,0.38783772702825114,0.1311694251128603,0.5190071521411115
6,9,0.4074009046085463,0.1355595328103475,0.5429604374188938
6,10,0.4423906121538932,0.15214229247465805,0.5945329046285512
6,11,0.4245715577522801,0.1364651539317285,0.5610367116840086
6,12,0.4120088155747482,0.13125061959644171,0.5432594351711899
6,13,0.43913415071086004,0.13139398137849265,0.5705281320893527
6,14,0.44593296791335707,0.13607826404566165,0.5820112319590187
6,15,0.43239671430643095,0.1409162194375286,0.5733129337439595
6,16,0.42614328951000613,0.13302417098344044,0.5591674604934466
6,17,0.42801003148867334,0.13785572136853347,0.5658657528572069
6,18,0.4433802161524247,0.13519818000930944,0.5785783961617341
6,19,0.4084310072996902,0.13559192804028075,0.5440229353399709
6,20,0.4105914817840816,0.13961091687223268,0.5502023986563143
6,21,0.42531184349582984,0.1301270242098294,0.5554388677056592
6,22,0.4565133514922357,0.13156892890752903,0.5880822803997647
6,23,0.4122734739896937,0.14207158528875108,0.5543450592784448
6,24,0.41313563358939515,0.12137603397628471,0.5345116675656798
6,25,0.41112862316526294,0.12608430177901828,0.5372129249442812
6,26,0.41298111781250213,0.12346776190093257,0.5364488797134347
6,27,0.39447207150821717,0.1328426046153147,0.5273146761235319
6,28,0.4446558525602471,0.1472341036591233,0.5918899562193704
6,29,0.39930548445648684,0.13478433400370532,0.5340898184601921
6,30,0.44009006016202157,0.12702976667359883,0.5671198268356203
6,31,0.4085924897367806,0.12596354205302443,0.534556031789805
6,32,0.38360396475570147,0.13971047459026087,0.5233144393459623
6,33,0.3776984945406653,0.13464068839971002,0.5123391829403753
6,34,0.4360419159701404,0.1272865509741851,0.5633284669443255
6,35,0.42746038622798666,0.13657598500206156,0.5640363712300482
6,36,0.4034287092177792,0.1311796331248561,0.5346083423426353
6,37,0.45752667860027707,0.13580979580087038,0.5933364744011475
6,38,0.4276231483413174,0.13351036685795203,0.5611335151992695
6,39,0.38860984409703997,0.1387031437773203,0.5273129878743603
6,40,0.3832582233822927,0.13581246839692962,0.5190706917792223
6,41,0.43537090166619447,0.13489514239451014,0.5702660440607046
6,42,0.3773200912046909,0.13037266411632123,0.5076927553210121
6,43,0.37720301811003887,0.12898314218598836,0.5061861602960273
6,44,0.42681193468138307,0.1297362714506632,0.5565482061320463
6,45,0.4092452716664065,0.13565634697720053,0.5449016186436071
6,46,0.4087715403331747,0.1359346380912263,0.5447061784244009
6,47,0.40723906729303144,0.1340351921136085,0.54127425940664
6,48,0.40068636277624425,0.12899696849361883,0.5296833312698631
6,49,0.39486855184608183,0.13398136470493846,0.5288499165510203
6,50,0.37184514916733635,0.12909781975873844,0.5009429689260748
6,51,0.43320386582704795,0.12109901544913142,0.5543028812761793
6,52,0.43429225627262846,0.1277568861362858,0.5620491424089142
6,53,0.44119661824443757,0.14459601806960753,0.5857926363140451
6,54,0.38960239028075044,0.1161282424482124,0.5057306327289628
6,55,0.45258596064716206,0.14526048697846888,0.5978464476256309
6,56,0.4140063366419527,0.12165582386771473,0.5356621605096674
6,57,0.38421464045480397,0.1153441507395373,0.49955879119434127
6,58,0.43479926927366086,0.14780256632786998,0.5826018356015308
6,59,0.4078347568351236,0.14287051461280675,0.5507052714479304
6,60,0.44412981901320675,0.13959677325910888,0.5837265922723156
6,61,0.39310702521449115,0.15367860184179732,0.5467856270562885
6,62,0.3760579932672955,0.1166457821926733,0.4927037754599688
6,63,0.36861461040481,0.13143359029676172,0.5000482007015716
6,64,0.35621541969466614,0.13602872077922618,0.4922441404738923
6,65,0.39207044495630894,0.13205082210825403,0.524121267064563
6,66,0.4097389840819366,0.12626825249187984,0.5360072365738164
6,67,0.43019592723444805,0.12283338394914416,0.5530293111835922
6,68,0.4848057664246019,0.1558073957057384,0.6406131621303403
6,69,0.3927514428192996,0.1317752824406577,0.5245267252599572
6,70,0.4495579387894859,0.13691126237281423,0.5864692011623002
6,71,0.42898920821793474,0.136267899937417,0.5652571081553517
6,72,0.40458626742074527,0.14056142601062918,0.5451476934313745
6,73,0.4411950577705669,0.14101757230010054,0.5822126300706674
6,74,0.41720280788012865,0.13387578497580732,0.551078592855936
6,75,0.40063559960652984,0.13415560730314557,0.5347912069096754
6,76,0.3898594722261963,0.13908266609637707,0.5289421383225734
6,77,0.4037495377319126,0.1463343708270679,0.5500839085589805
6,78,0.4364368325185694,0.13587514893460886,0.5723119814531783
6,79,0.4678248041981354,0.13998466797095155,0.607809472169087
6,80,0.43662514070616654,0.13300644534129863,0.5696315860474652
6,81,0.5032251857493307,0.14709876501694366,0.6503239507662744
6,82,0.41968927481543294,0.12717808583802004,0.546867360653453
6,83,0.4043725074681553,0.14097505217995598,0.5453475596481112
6,84,0.4149801083429071,0.1457251810663428,0.5607052894092499
6,85,0.4325106454132634,0.1397363951876273,0.5722470406008907
6,86,0.39622480567136076,0.1305998884407072,0.526824694112068
6,87,0.3933837702058274,0.12836009496650058,0.521743865172328
6,88,0.42734417259930657,0.13924628721687418,0.5665904598161807
6,89,0.4226844273430155,0.12795978513878514,0.5506442124818006
6,90,0.450766990605904,0.12464039196149358,0.5754073825673977
6,91,0.4850996892987623,0.1312699462485886,0.6163696355473509
6,92,0.4740430518378908,0.12998874470880575,0.6040317965466966
6,93,0.39406024038625476,0.12385181967375618,0.5179120600600109
6,94,0.41273928129842885,0.14048991899986843,0.5532292002982973
6,95,0.3568593992429354,0.13579258852405474,0.49265198776699015
6,96,0.37879916985651346,0.12873466413165852,0.507533833988172
6,97,0.37308538732989494,0.13147658216246397,0.5045619694923589
6,98,0.4227508589356226,0.13666614325087392,0.5594170021864965
6,99,0.4540402644709613,0.12939278526380826,0.5834330497347695
6,100,0.38490523622677275,0.12496397284252692,0.5098692090692997
6,101,0.38967376013874044,0.13476214233348716,0.5244359024722276
6,102,0.3798569325273179,0.13377462213005248,0.5136315546573704
6,103,0.4336015644804337,0.12825347387347272,0.5618550383539064
6,104,0.39683078525632137,0.13585650883787484,0.5326872940941962
6,105,0.3654698801963834,0.12583723776495187,0.49130711796133525
6,106,0.39130779520719283,0.13565072813472742,0.5269585233419203
6,107,0.4263319229363466,0.13416307973311634,0.560495002669463
6,108,0.35620942346462037,0.12606823983242685,0.48227766329704724
6,109,0.3886324415084135,0.13775763286580092,0.5263900743742144
6,110,0.4014619388128702,0.12807540938485865,0.5295373481977288
6,111,0.40239642282555044,0.13271646479610355,0.535112887621654
6,112,0.35693090668494765,0.10436576737125439,0.461296674056202
6,113,0.40217682724369486,0.1377095443993592,0.5398863716430541
6,114,0.3665493522751202,0.12059370772885813,0.48714306000397833
6,115,0.47465874768785093,0.13784868245267334,0.6125074301405242
6,116,0.3990368282302385,0.118273794484578,0.5173106227148165
6,117,0.3564887087634176,0.12290538419396259,0.47939409295738017
6,118,0.3910982998725232,0.12210803017085202,0.5132063300433752
6,119,0.3144592951488963,0.11229972163315065,0.426759016782047
6,120,0.386306626153513,0.12088330268780083,0.5071899288413139
6,121,0.445503628877205,0.1292326127272704,0.5747362416044755
6,122,0.41953556568782036,0.13479889225104003,0.5543344579388604
6,123,0.42987138174694284,0.1298187742604732,0.559690156007416
6,124,0.3676656313917663,0.12877624946431201,0.4964418808560783
6,125,0.35593666825511344,0.1283366872083032,0.48427335546341665
6,126,0.38343293224906067,0.12374329161583819,0.5071762238648989
6,127,0.3839521998082127,0.12640838559737483,0.5103605854055875
6,128,0.43645065571126584,0.1364958180569201,0.572946473768186
6,129,0.3533280965157771,0.12762586732658612,0.4809539638423632
6,130,0.37991891730277033,0.15569564743953593,0.5356145647423063
6,131,0.4178577568750111,0.13656407681183838,0.5544218336868495
6,132,0.42608795168458746,0.13402473910230206,0.5601126907868895
6,133,0.4258587842741451,0.12314759775950473,0.5490063820336498
6,134,0.42988122244230337,0.13479575685407374,0.5646769792963771
6,135,0.35682236614115825,0.13659947801253922,0.4934218441536975
6,136,0.3621764631792871,0.13017740837858582,0.4923538715578729
6,137,0.37185341296728686,0.1207855349902304,0.4926389479575173
6,138,0.37972884380033256,0.1322174179207148,0.5119462617210474
6,139,0.38870410251456056,0.14994115998375823,0.5386452624983188
6,140,0.40067405915266546,0.13328402115491134,0.5339580803075767
6,141,0.43474351507954817,0.14770440943029295,0.5824479245098411
6,142,0.39974468241945,0.12725072526929737,0.5269954076887473
6,143,0.39400534443533886,0.11442296509717212,0.508428309532511
6,144,0.3824856623769136,0.11923356274042098,0.5017192251173346
6,145,0.45743554024153527,0.12608642421197147,0.5835219644535068
6,146,0.35574484445882143,0.12275385872211571,0.4784987031809371
6,147,0.3754348631694204,0.126989124782806,0.5024239879522263
6,148,0.40926667801423317,0.12632295025093843,0.5355896282651715
6,149,0.3824009787125812,0.12725638601918227,0.5096573647317635
6,150,0.341763200105325,0.12803414488989223,0.46979734499521725
6,151,0.3602213691582711,0.11804458656408941,0.47826595572236047
6,152,0.3935027280467656,0.12608743777338927,0.5195901658201549
6,153,0.4072070044970743,0.1292863522631368,0.5364933567602111
6,154,0.3896489210229158,0.12885220489963906,0.5185011259225549
6,155,0.35839447556352694,0.12458512764170664,0.4829796032052336
6,156,0.45857821279226635,0.12815946731409564,0.586737680106362
6,157,0.36849062890974715,0.1285622780556556,0.4970529069654027
6,158,0.45118323155310036,0.13632949812089243,0.5875127296739928
6,159,0.3908964126530174,0.1191332765028004,0.5100296891558178
6,160,0.4882902085310109,0.14217547103837733,0.6304656795693883
6,161,0.40195923834224767,0.1363183688687665,0.5382776072110141
6,162,0.41222596380591753,0.1319461404775364,0.544172104283454
6,163,0.43151666391693505,0.13645288988482207,0.5679695538017571
6,164,0.38457372320843264,0.1126871754071786,0.49726089861561124
6,165,0.4152225648778408,0.12323758563568406,0.5384601505135249
6,166,0.41562897296961343,0.13275831066233318,0.5483872836319466
6,167,0.40173626187642725,0.12850714713179817,0.5302434090082254
6,168,0.4156778563765132,0.12315244770752543,0.5388303040840386
6,169,0.44161306139595735,0.12072525544916607,0.5623383168451235
6,170,0.469336149930901,0.14347681012301844,0.6128129600539194
6,171,0.42954443368066714,0.1399119667133225,0.5694564003939897
6,172,0.4335453860508609,0.12890159097982437,0.5624469770306852
6,173,0.393157187890117,0.1362664068524702,0.5294235947425872
6,174,0.38634295745998193,0.13245127656280178,0.5187942340227837
6,175,0.3889759518105956,0.12629232750283942,0.515268279313435
6,176,0.47479087732169434,0.11857208803921822,0.5933629653609126
6,177,0.46868320265563546,0.12408291092257238,0.5927661135782079
6,178,0.4427389016567944,0.12774711378209397,0.5704860154388884
6,179,0.44228789536458757,0.1254780181171914,0.567765913481779
6,180,0.3949486788996175,0.13066091831625762,0.5256095972158751
6,181,0.3940146453529391,0.13134709527648444,0.5253617406294235
6,182,0.44693370829665346,0.1305777007834986,0.5775114090801521
6,183,0.39998626392282954,0.12652339337329413,0.5265096572961236
6,184,0.4148871199645392,0.13103748703847679,0.5459246070030159
6,185,0.4357731014647755,0.13350765026854522,0.5692807517333207
6,186,0.42189245342944626,0.14029647453172986,0.5621889279611761
6,187,0.4049643315711499,0.11818279821558722,0.5231471297867372
6,188,0.4106032216406035,0.14142664582707185,0.5520298674676754
6,189,0.40712324680107315,0.12572092817026714,0.5328441749713403
6,190,0.4179599449279823,0.12452767931866411,0.5424876242466464
6,191,0.35347383183074815,0.11741571575769358,0.4708895475884417
6,192,0.45151642775290923,0.1383939788451772,0.5899104065980865
6,193,0.424229171151715,0.12398153977119364,0.5482107109229086
6,194,0.4175698303981554,0.1331452869820361,0.5507151173801914
6,195,0.41049101176412733,0.13816083216033484,0.5486518439244622
6,196,0.38515464216820683,0.14698071589110953,0.5321353580593163
